<?xml version="1.0" encoding="UTF-8"?>
<gateway>
	
	<service id="getDeviceStatusService" provider="http" method="post"
		returntype="String">
		<properties>
			<param></param>
		</properties>
		<ds-set>
			<datasource name="emm_url" />
		</ds-set>
	</service>
	<!-- method是后台的方法名 -->
	<service id="loginid" provider="webservice" method="loginNC"
		returntype="String">
		<properties>
			<param>name:String|city:String</param>
		</properties>
		<ds-set>
			<datasource name="ncdatasourceid" />
		</ds-set>
	</service>
</gateway>